Date,Bullish-to-Bearish Sentiment
06/01/1989,1.13
13/01/1989,1.8
20/01/1989,2.12
27/01/1989,1.68
03/02/1989,1.43
10/02/1989,1.65
17/02/1989,2.47
24/02/1989,1.12
03/03/1989,0.81
10/03/1989,0.37
17/03/1989,0.97
23/03/1989,0.97
31/03/1989,0.45
07/04/1989,0.72
14/04/1989,0.76
21/04/1989,0.75
28/04/1989,1.07
05/05/1989,1
12/05/1989,2
19/05/1989,2.26
26/05/1989,2.29
02/06/1989,1.35
09/06/1989,1.87
16/06/1989,1.03
23/06/1989,0.73
30/06/1989,1.54
07/07/1989,1.19
14/07/1989,0.46
21/07/1989,1.1
28/07/1989,1.21
04/08/1989,1
11/08/1989,2.04
18/08/1989,0.95
25/08/1989,1.45
01/09/1989,0.94
08/09/1989,0.75
15/09/1989,1.24
22/09/1989,0.62
29/09/1989,1.14
06/10/1989,0.73
13/10/1989,1.4
20/10/1989,1.18
27/10/1989,1.16
03/11/1989,1.16
10/11/1989,0.75
17/11/1989,0.5
22/11/1989,0.82
01/12/1989,0.88
08/12/1989,1.11
15/12/1989,1.5
22/12/1989,1.13
29/12/1989,1.03
05/01/1990,1.33
12/01/1990,2.65
19/01/1990,1.55
26/01/1990,0.63
02/02/1990,0.31
09/02/1990,0.37
16/02/1990,0.68
23/02/1990,0.63
02/03/1990,0.5
09/03/1990,0.61
16/03/1990,0.63
23/03/1990,1.54
30/03/1990,1.1
06/04/1990,1.52
12/04/1990,1.59
20/04/1990,1.48
27/04/1990,0.76
04/05/1990,0.44
11/05/1990,0.82
18/05/1990,1.32
25/05/1990,1.34
01/06/1990,1.06
08/06/1990,1.17
15/06/1990,1.72
22/06/1990,1
29/06/1990,0.82
06/07/1990,0.74
13/07/1990,1.33
20/07/1990,1.33
27/07/1990,2.17
03/08/1990,0.57
10/08/1990,0.46
17/08/1990,0.31
24/08/1990,0.49
31/08/1990,0.38
07/09/1990,0.67
14/09/1990,0.31
21/09/1990,0.23
28/09/1990,0.48
05/10/1990,0.25
12/10/1990,0.4
19/10/1990,0.19
26/10/1990,0.4
02/11/1990,0.45
09/11/1990,0.42
16/11/1990,0.22
21/11/1990,0.34
30/11/1990,0.49
07/12/1990,0.63
14/12/1990,0.82
21/12/1990,0.32
28/12/1990,0.75
04/01/1991,1.03
11/01/1991,0.46
18/01/1991,0.43
25/01/1991,0.5
01/02/1991,0.69
08/02/1991,1
15/02/1991,1.92
22/02/1991,2.48
01/03/1991,1.56
08/03/1991,1.72
15/03/1991,2.39
22/03/1991,1.56
29/03/1991,1.88
05/04/1991,2.9
12/04/1991,1.72
19/04/1991,1.77
26/04/1991,3.24
03/05/1991,1.39
10/05/1991,1.36
17/05/1991,1.62
24/05/1991,1.65
31/05/1991,1.83
07/06/1991,2.71
14/06/1991,2.14
21/06/1991,2.75
28/06/1991,0.8
03/07/1991,0.85
12/07/1991,2.05
19/07/1991,1.23
26/07/1991,1.52
02/08/1991,1.06
09/08/1991,0.9
16/08/1991,1.23
23/08/1991,1
30/08/1991,2.16
06/09/1991,1.09
13/09/1991,2.39
20/09/1991,1.6
27/09/1991,1
04/10/1991,1
11/10/1991,1.63
18/10/1991,0.77
25/10/1991,0.94
01/11/1991,1.44
08/11/1991,1
15/11/1991,1.31
22/11/1991,2.4
27/11/1991,0.83
06/12/1991,0.51
13/12/1991,1.06
20/12/1991,1.06
27/12/1991,1.22
03/01/1992,1.58
10/01/1992,1.92
17/01/1992,1.82
24/01/1992,1.59
31/01/1992,1.74
07/02/1992,1.44
14/02/1992,1.77
21/02/1992,1.68
28/02/1992,2.05
06/03/1992,1.73
13/03/1992,1.41
20/03/1992,2.09
27/03/1992,1.95
03/04/1992,1.52
10/04/1992,1.43
17/04/1992,1.48
24/04/1992,3.71
01/05/1992,0.83
08/05/1992,1.65
15/05/1992,1.74
22/05/1992,1.71
29/05/1992,2.56
05/06/1992,2.16
12/06/1992,1.35
19/06/1992,1.25
26/06/1992,1.44
02/07/1992,0.6
09/07/1992,0.66
17/07/1992,0.94
24/07/1992,1.33
31/07/1992,0.71
05/08/1992,0.85
14/08/1992,0.7
21/08/1992,0.5
28/08/1992,0.91
04/09/1992,0.33
11/09/1992,0.56
18/09/1992,0.57
25/09/1992,0.61
02/10/1992,0.86
09/10/1992,0.48
16/10/1992,0.36
23/10/1992,0.45
30/10/1992,1.17
06/11/1992,2.04
13/11/1992,1.95
20/11/1992,3.43
25/11/1992,2.15
04/12/1992,1.54
11/12/1992,2.87
18/12/1992,6.3
24/12/1992,3.67
01/01/1993,4.62
08/01/1993,0.65
15/01/1993,3.86
22/01/1993,1.95
29/01/1993,1.74
05/02/1993,2
12/02/1993,2.14
19/02/1993,1.7
26/02/1993,1
05/03/1993,0.73
12/03/1993,2.05
19/03/1993,1.52
26/03/1993,1.87
02/04/1993,1.37
09/04/1993,1.1
16/04/1993,0.91
23/04/1993,0.93
30/04/1993,0.54
07/05/1993,0.62
14/05/1993,0.51
21/05/1993,0.47
28/05/1993,0.62
04/06/1993,1.18
11/06/1993,0.56
18/06/1993,0.51
25/06/1993,0.82
02/07/1993,0.47
09/07/1993,0.62
16/07/1993,0.65
23/07/1993,0.73
30/07/1993,0.83
06/08/1993,0.81
13/08/1993,0.74
20/08/1993,0.97
27/08/1993,0.71
03/09/1993,1.31
10/09/1993,0.75
17/09/1993,0.94
24/09/1993,0.88
01/10/1993,0.65
08/10/1993,0.85
15/10/1993,1
22/10/1993,1.5
29/10/1993,1.79
04/11/1993,1
11/11/1993,1
18/11/1993,0.97
24/11/1993,1.8
02/12/1993,0.94
09/12/1993,1.54
16/12/1993,1.14
23/12/1993,1.09
30/12/1993,1.57
06/01/1994,1.48
13/01/1994,1.23
20/01/1994,1.85
27/01/1994,1.21
03/02/1994,1.15
10/02/1994,2.04
17/02/1994,1.67
24/02/1994,1.41
03/03/1994,1.15
10/03/1994,0.78
17/03/1994,0.69
24/03/1994,0.85
31/03/1994,0.52
07/04/1994,0.68
14/04/1994,0.6
21/04/1994,0.79
28/04/1994,0.71
05/05/1994,0.89
12/05/1994,1.27
19/05/1994,0.52
26/05/1994,0.76
02/06/1994,1.56
09/06/1994,1.12
16/06/1994,1.23
23/06/1994,1.12
30/06/1994,1.03
07/07/1994,0.7
14/07/1994,0.71
21/07/1994,1.21
28/07/1994,0.87
04/08/1994,0.85
11/08/1994,1.17
18/08/1994,1
25/08/1994,1.1
01/09/1994,1.87
08/09/1994,2.35
15/09/1994,1.5
22/09/1994,1.37
29/09/1994,1.27
06/10/1994,1.18
13/10/1994,1.35
20/10/1994,1.39
27/10/1994,2.26
03/11/1994,1.6
10/11/1994,1.16
17/11/1994,1
23/11/1994,1.34
30/11/1994,1.69
08/12/1994,0.86
15/12/1994,1.03
22/12/1994,1.27
29/12/1994,2.35
05/01/1995,1.76
12/01/1995,1.64
19/01/1995,1.54
26/01/1995,1.52
02/02/1995,1.52
09/02/1995,1.48
16/02/1995,2.15
23/02/1995,2.71
02/03/1995,2.52
09/03/1995,2.67
16/03/1995,1.95
23/03/1995,2.04
30/03/1995,2.08
06/04/1995,1.27
13/04/1995,1.08
20/04/1995,1.03
27/04/1995,2.74
04/05/1995,1.35
11/05/1995,1.47
18/05/1995,1.2
25/05/1995,1.47
01/06/1995,1.44
08/06/1995,1.42
15/06/1995,1.09
22/06/1995,1.55
29/06/1995,0.95
06/07/1995,1.13
13/07/1995,1.16
20/07/1995,1.59
27/07/1995,1.24
03/08/1995,1.36
10/08/1995,1.33
17/08/1995,1.71
24/08/1995,0.95
31/08/1995,1.9
07/09/1995,1.37
14/09/1995,2.09
21/09/1995,1.59
28/09/1995,1.35
05/10/1995,1.63
12/10/1995,1.41
19/10/1995,2.24
26/10/1995,2.19
02/11/1995,2.47
09/11/1995,3.06
16/11/1995,2
22/11/1995,1.41
30/11/1995,2.68
07/12/1995,2
14/12/1995,1.96
21/12/1995,2
28/12/1995,2.3
04/01/1996,2.04
18/01/1996,1.45
25/01/1996,1.5
01/02/1996,3.6
08/02/1996,3.31
15/02/1996,2.16
22/02/1996,1.69
29/02/1996,1.67
07/03/1996,1.57
14/03/1996,1.24
21/03/1996,2.14
28/03/1996,1.88
04/04/1996,2.35
11/04/1996,2.22
18/04/1996,1.38
25/04/1996,0.88
02/05/1996,2.29
09/05/1996,2.88
16/05/1996,1.61
23/05/1996,3.64
30/05/1996,6.1
06/06/1996,1.88
13/06/1996,2.13
20/06/1996,1.62
27/06/1996,2.47
03/07/1996,1.33
11/07/1996,1.6
18/07/1996,1.12
25/07/1996,0.79
01/08/1996,0.88
08/08/1996,0.87
15/08/1996,2.15
22/08/1996,1.08
29/08/1996,0.97
05/09/1996,0.81
12/09/1996,0.93
19/09/1996,0.9
26/09/1996,1.26
03/10/1996,1.38
10/10/1996,1.46
17/10/1996,1.56
24/10/1996,1.68
31/10/1996,1.09
07/11/1996,0.9
14/11/1996,1.28
21/11/1996,1.59
27/11/1996,2.48
05/12/1996,1.24
12/12/1996,1.25
19/12/1996,0.85
26/12/1996,1.23
02/01/1997,1.79
09/01/1997,1.44
16/01/1997,1.62
23/01/1997,1.68
30/01/1997,3.19
06/02/1997,1.96
13/02/1997,2.5
20/02/1997,2.2
27/02/1997,4.2
06/03/1997,2.15
13/03/1997,1.13
20/03/1997,1.64
27/03/1997,0.82
03/04/1997,0.94
10/04/1997,0.7
17/04/1997,1.11
24/04/1997,0.88
01/05/1997,0.93
08/05/1997,1.15
15/05/1997,1.78
22/05/1997,1.6
29/05/1997,2
05/06/1997,3.47
12/06/1997,3.06
19/06/1997,3.93
26/06/1997,2.26
03/07/1997,1.8
10/07/1997,2.72
17/07/1997,3.38
24/07/1997,2.41
31/07/1997,1.85
07/08/1997,2.13
14/08/1997,2.33
21/08/1997,2.35
28/08/1997,2.27
04/09/1997,1.48
11/09/1997,1.91
18/09/1997,2.5
25/09/1997,2.05
02/10/1997,2
09/10/1997,3.07
16/10/1997,2.05
23/10/1997,2.86
30/10/1997,1.78
06/11/1997,1.52
13/11/1997,2.65
20/11/1997,1.82
26/11/1997,2
04/12/1997,2.72
11/12/1997,2.71
18/12/1997,2.11
24/12/1997,1.78
31/12/1997,1.1
08/01/1998,2.33
16/01/1998,2.24
23/01/1998,1.03
30/01/1998,1.9
05/02/1998,1.2
12/02/1998,2.37
19/02/1998,2.8
26/02/1998,3.79
05/03/1998,4.08
12/03/1998,2.2
19/03/1998,1.82
26/03/1998,2.25
02/04/1998,2.09
09/04/1998,1.78
16/04/1998,3.53
23/04/1998,1.82
30/04/1998,1.76
07/05/1998,1.87
14/05/1998,1.27
21/05/1998,1.65
28/05/1998,1.31
04/06/1998,0.81
11/06/1998,1.13
18/06/1998,0.88
25/06/1998,1
02/07/1998,1.74
09/07/1998,1.8
16/07/1998,1.67
23/07/1998,1.54
30/07/1998,2.2
06/08/1998,1.15
13/08/1998,0.77
20/08/1998,0.76
27/08/1998,0.51
03/09/1998,0.58
10/09/1998,0.73
17/09/1998,1.1
24/09/1998,1.21
01/10/1998,0.97
08/10/1998,0.78
15/10/1998,0.61
22/10/1998,0.97
29/10/1998,2.05
05/11/1998,1.9
12/11/1998,3.57
19/11/1998,2.22
25/11/1998,2.82
03/12/1998,2.33
10/12/1998,1.69
17/12/1998,1.64
23/12/1998,1.06
31/12/1998,1.86
07/01/1999,1.65
14/01/1999,2.43
21/01/1999,2.8
28/01/1999,2.35
04/02/1999,3.43
11/02/1999,2.82
18/02/1999,1.54
25/02/1999,1.54
04/03/1999,1.89
11/03/1999,1.76
18/03/1999,2.29
25/03/1999,1.31
01/04/1999,1.6
08/04/1999,1.38
15/04/1999,1.46
22/04/1999,1.27
29/04/1999,1.52
06/05/1999,3.86
13/05/1999,1.65
20/05/1999,1.65
27/05/1999,1.9
03/06/1999,1
10/06/1999,1.14
17/06/1999,1.41
24/06/1999,0.97
01/07/1999,1.3
08/07/1999,2.05
15/07/1999,3
22/07/1999,2.5
29/07/1999,2.1
05/08/1999,1.25
12/08/1999,1
19/08/1999,1.35
26/08/1999,1.4
02/09/1999,2.44
09/09/1999,1.48
16/09/1999,1.71
23/09/1999,1.29
30/09/1999,1.52
07/10/1999,1.21
14/10/1999,2.21
21/10/1999,1.52
28/10/1999,1.58
04/11/1999,1.95
11/11/1999,1.85
18/11/1999,2.09
24/11/1999,3.24
02/12/1999,4.77
09/12/1999,5.64
16/12/1999,2.7
23/12/1999,3.06
30/12/1999,4
06/01/2000,5.63
13/01/2000,3.2
20/01/2000,3.2
27/01/2000,2.64
03/02/2000,2.09
10/02/2000,1.5
17/02/2000,1.13
24/02/2000,1.33
02/03/2000,1.57
08/03/2000,3.5
16/03/2000,1.87
23/03/2000,3.29
30/03/2000,0.78
06/04/2000,2.2
13/04/2000,1.75
20/04/2000,2.83
27/04/2000,4.22
04/05/2000,1
11/05/2000,1.18
18/05/2000,0.86
25/05/2000,0.96
01/06/2000,1.11
08/06/2000,2.67
15/06/2000,2.33
22/06/2000,0.67
06/07/2000,3.54
13/07/2000,3.25
20/07/2000,5.56
27/07/2000,2.14
03/08/2000,1.73
10/08/2000,4.71
17/08/2000,3.17
23/08/2000,2.5
31/08/2000,3.17
07/09/2000,7.5
14/09/2000,1.75
21/09/2000,2.33
28/09/2000,8
05/10/2000,1.62
12/10/2000,1.31
19/10/2000,2
26/10/2000,3.57
02/11/2000,2.29
09/11/2000,7.33
16/11/2000,2.75
23/11/2000,1
30/11/2000,3.62
07/12/2000,1.26
14/12/2000,1.82
21/12/2000,0.61
28/12/2000,1.25
04/01/2001,1.77
11/01/2001,0.83
18/01/2001,1.5
25/01/2001,1.88
01/02/2001,2.6
08/02/2001,3.85
15/02/2001,1.4
22/02/2001,0.68
01/03/2001,1.36
08/03/2001,1
15/03/2001,0.85
22/03/2001,0.59
29/03/2001,1.36
05/04/2001,0.91
12/04/2001,0.74
19/04/2001,1.4
26/04/2001,1.5
03/05/2001,2.94
10/05/2001,3
17/05/2001,2.75
24/05/2001,3.71
31/05/2001,1.73
07/06/2001,1.67
14/06/2001,1.38
21/06/2001,1.43
28/06/2001,0.92
05/07/2001,2.2
12/07/2001,0.7
19/07/2001,3.29
26/07/2001,0.77
02/08/2001,1
09/08/2001,1.26
16/08/2001,0.94
23/08/2001,1.11
30/08/2001,1.37
06/09/2001,0.9
13/09/2001,0.73
20/09/2001,0.7
27/09/2001,2.3
04/10/2001,1.75
11/10/2001,1.69
18/10/2001,2.87
25/10/2001,3.17
01/11/2001,1.05
08/11/2001,0.82
15/11/2001,1.36
22/11/2001,2.33
29/11/2001,3.47
06/12/2001,2.42
13/12/2001,4.37
20/12/2001,2
27/12/2001,2.14
03/01/2002,2.09
10/01/2002,2.5
17/01/2002,1
24/01/2002,1.13
31/01/2002,2
07/02/2002,1.64
14/02/2002,2.8
21/02/2002,1.43
28/02/2002,2.18
07/03/2002,3.43
14/03/2002,3.89
21/03/2002,4.71
28/03/2002,2.2
04/04/2002,2
11/04/2002,0.85
18/04/2002,1.74
25/04/2002,1.57
02/05/2002,0.81
09/05/2002,0.74
16/05/2002,1.3
23/05/2002,0.65
29/05/2002,0.7
06/06/2002,0.83
13/06/2002,0.95
20/06/2002,1.78
27/06/2002,0.67
03/07/2002,0.57
11/07/2002,0.83
18/07/2002,0.49
25/07/2002,0.57
01/08/2002,1.08
08/08/2002,0.96
15/08/2002,0.92
22/08/2002,1.11
29/08/2002,1.72
05/09/2002,0.63
12/09/2002,1.04
19/09/2002,0.78
26/09/2002,0.52
03/10/2002,0.74
10/10/2002,0.53
17/10/2002,1
24/10/2002,1.32
31/10/2002,1.84
07/11/2002,1.9
14/11/2002,1.5
21/11/2002,2.37
28/11/2002,1.6
05/12/2002,3
12/12/2002,1.71
19/12/2002,1.43
26/12/2002,1.25
02/01/2003,0.86
09/01/2003,0.89
16/01/2003,1
23/01/2003,0.58
30/01/2003,0.53
06/02/2003,0.89
13/02/2003,0.57
20/02/2003,0.36
27/02/2003,0.55
06/03/2003,0.85
13/03/2003,0.67
20/03/2003,1.12
27/03/2003,1.21
03/04/2003,0.85
10/04/2003,1.25
17/04/2003,1.47
24/04/2003,3.32
01/05/2003,1.89
08/05/2003,2.87
15/05/2003,3.86
22/05/2003,1.08
29/05/2003,4.4
05/06/2003,2.71
12/06/2003,1.71
19/06/2003,1.57
26/06/2003,8.33
03/07/2003,1.17
10/07/2003,1.39
17/07/2003,1.79
24/07/2003,1.7
31/07/2003,3.19
07/08/2003,1.4
14/08/2003,2.14
21/08/2003,3.4
28/08/2003,2.5
04/09/2003,3.8
11/09/2003,3.33
18/09/2003,3.2
25/09/2003,2.57
02/10/2003,1.75
09/10/2003,2.48
16/10/2003,4.38
23/10/2003,3.17
30/10/2003,3.08
06/11/2003,3.45
13/11/2003,3.69
20/11/2003,2.54
27/11/2003,2.91
04/12/2003,4.81
11/12/2003,2.63
18/12/2003,3.1
26/12/2003,3.8
01/01/2004,4.63
08/01/2004,3.75
15/01/2004,6.56
22/01/2004,5.18
29/01/2004,3.79
05/02/2004,2.33
12/02/2004,3.83
19/02/2004,2.69
26/02/2004,1.36
04/03/2004,3.67
11/03/2004,1.23
18/03/2004,1.47
25/03/2004,0.74
01/04/2004,2.46
08/04/2004,2.9
15/04/2004,4.64
22/04/2004,2.22
29/04/2004,2.36
06/05/2004,1.44
13/05/2004,0.76
20/05/2004,0.92
27/05/2004,0.9
03/06/2004,1.27
10/06/2004,3.5
17/06/2004,1.47
24/06/2004,2.44
01/07/2004,3.61
08/07/2004,2.57
15/07/2004,2
22/07/2004,1.5
29/07/2004,0.94
05/08/2004,0.92
12/08/2004,0.96
19/08/2004,1
26/08/2004,1.63
02/09/2004,1.47
09/09/2004,2.13
16/09/2004,1.43
23/09/2004,1.91
30/09/2004,1.05
07/10/2004,2.89
14/10/2004,1.58
21/10/2004,1.48
28/10/2004,1.33
04/11/2004,2.5
11/11/2004,2.89
18/11/2004,2.86
24/11/2004,1.85
02/12/2004,2.23
09/12/2004,2.04
16/12/2004,2.74
23/12/2004,3.31
30/12/2004,3.29
06/01/2005,1.1
13/01/2005,0.85
20/01/2005,1
27/01/2005,0.73
03/02/2005,1.67
10/02/2005,1.91
17/02/2005,1.22
24/02/2005,1
03/03/2005,1.45
10/03/2005,2
17/03/2005,1
24/03/2005,0.55
31/03/2005,0.56
07/04/2005,0.63
14/04/2005,0.39
21/04/2005,1.12
28/04/2005,0.86
05/05/2005,0.64
12/05/2005,0.84
19/05/2005,1.36
26/05/2005,1.88
02/06/2005,2.5
09/06/2005,2.35
16/06/2005,2.55
23/06/2005,2.56
30/06/2005,1.56
07/07/2005,2.11
14/07/2005,4.12
21/07/2005,1.5
28/07/2005,3.26
04/08/2005,1.83
11/08/2005,1.38
18/08/2005,0.73
25/08/2005,1.15
01/09/2005,0.84
08/09/2005,1.29
15/09/2005,1.8
22/09/2005,1.22
29/09/2005,0.81
06/10/2005,1.82
13/10/2005,0.81
20/10/2005,1.2
27/10/2005,0.69
03/11/2005,1.56
10/11/2005,2.55
17/11/2005,2.46
24/11/2005,3.58
01/12/2005,2.24
08/12/2005,2.61
15/12/2005,2.09
22/12/2005,1.45
29/12/2005,1.02
05/01/2006,0.73
12/01/2006,3.09
19/01/2006,1.94
26/01/2006,0.92
02/02/2006,1.34
09/02/2006,1.16
16/02/2006,1.13
23/02/2006,1.52
02/03/2006,1.41
09/03/2006,1.34
16/03/2006,1.42
23/03/2006,1.59
30/03/2006,1.14
06/04/2006,2.05
13/04/2006,1.63
20/04/2006,0.83
27/04/2006,1.17
04/05/2006,1.37
11/05/2006,2
18/05/2006,0.9
25/05/2006,0.73
01/06/2006,0.62
08/06/2006,0.58
15/06/2006,0.48
22/06/2006,0.83
29/06/2006,0.97
06/07/2006,0.88
13/07/2006,0.93
20/07/2006,0.41
27/07/2006,0.81
03/08/2006,0.67
10/08/2006,0.88
17/08/2006,0.85
24/08/2006,1.05
31/08/2006,1.61
07/09/2006,1.44
14/09/2006,1.25
21/09/2006,1.39
28/09/2006,1.56
05/10/2006,0.81
12/10/2006,1.3
19/10/2006,1.82
26/10/2006,1.71
02/11/2006,1.19
09/11/2006,1.91
16/11/2006,1.53
23/11/2006,1
30/11/2006,0.85
07/12/2006,0.94
14/12/2006,1.09
21/12/2006,0.92
28/12/2006,1.28
04/01/2007,1.68
11/01/2007,1.3
18/01/2007,2.12
25/01/2007,1.19
01/02/2007,1.52
08/02/2007,1.54
15/02/2007,1.53
22/02/2007,2.41
01/03/2007,0.93
08/03/2007,0.8
15/03/2007,0.73
22/03/2007,1.33
29/03/2007,1.67
05/04/2007,0.81
12/04/2007,1.07
19/04/2007,1.59
26/04/2007,1.03
03/05/2007,0.53
10/05/2007,1
17/05/2007,1.05
24/05/2007,0.97
31/05/2007,0.74
07/06/2007,0.95
14/06/2007,0.85
21/06/2007,1.28
28/06/2007,1.09
05/07/2007,1.33
12/07/2007,1.45
19/07/2007,1.14
26/07/2007,1.2
02/08/2007,1.15
09/08/2007,1.17
16/08/2007,0.93
23/08/2007,0.96
30/08/2007,0.87
06/09/2007,0.9
13/09/2007,1.13
20/09/2007,1.24
27/09/2007,1.44
04/10/2007,2.05
11/10/2007,2.12
18/10/2007,1.18
25/10/2007,0.65
01/11/2007,1.23
08/11/2007,0.7
15/11/2007,0.67
22/11/2007,0.49
29/11/2007,0.51
06/12/2007,1.02
13/12/2007,1.33
20/12/2007,0.76
27/12/2007,0.6
03/01/2008,0.47
10/01/2008,0.33
17/01/2008,0.45
24/01/2008,0.43
31/01/2008,0.62
07/02/2008,0.72
14/02/2008,0.8
21/02/2008,0.74
28/02/2008,0.76
06/03/2008,0.43
13/03/2008,0.35
20/03/2008,0.46
27/03/2008,1.24
03/04/2008,0.93
10/04/2008,1.23
17/04/2008,0.62
24/04/2008,1.7
01/05/2008,2.02
08/05/2008,2.14
15/05/2008,1.52
22/05/2008,1.35
29/05/2008,0.69
05/06/2008,1.14
12/06/2008,0.58
19/06/2008,0.72
26/06/2008,0.6
03/07/2008,0.46
10/07/2008,0.4
17/07/2008,0.43
24/07/2008,0.81
31/07/2008,0.97
07/08/2008,0.84
14/08/2008,1.1
21/08/2008,1.02
28/08/2008,0.68
04/09/2008,0.86
11/09/2008,0.53
18/09/2008,0.5
25/09/2008,0.74
02/10/2008,0.61
09/10/2008,0.52
16/10/2008,1.03
23/10/2008,1
30/10/2008,0.92
06/11/2008,1.35
13/11/2008,0.9
20/11/2008,0.43
27/11/2008,0.7
04/12/2008,0.56
11/12/2008,0.94
18/12/2008,1.12
25/12/2008,0.66
01/01/2009,0.44
08/01/2009,1.39
15/01/2009,0.58
22/01/2009,0.59
29/01/2009,0.53
05/02/2009,0.56
12/02/2009,0.84
19/02/2009,0.38
26/02/2009,0.44
05/03/2009,0.27
12/03/2009,0.51
19/03/2009,1.18
26/03/2009,0.92
02/04/2009,1.15
09/04/2009,0.81
16/04/2009,1.23
23/04/2009,0.82
30/04/2009,0.83
07/05/2009,1.32
14/05/2009,1.24
21/05/2009,0.74
28/05/2009,0.83
04/06/2009,1.3
11/06/2009,1
18/06/2009,0.72
25/06/2009,0.57
02/07/2009,0.85
09/07/2009,0.51
16/07/2009,0.61
23/07/2009,0.89
30/07/2009,1.52
06/08/2009,1.42
13/08/2009,1.55
20/08/2009,0.85
27/08/2009,0.7
03/09/2009,1
10/09/2009,0.85
17/09/2009,1.05
24/09/2009,0.88
01/10/2009,1.23
08/10/2009,0.85
15/10/2009,1.4
22/10/2009,1.13
29/10/2009,0.8
05/11/2009,0.4
12/11/2009,1
19/11/2009,1.34
26/11/2009,1
03/12/2009,1.24
10/12/2009,1.21
17/12/2009,1.48
24/12/2009,1
31/12/2009,2.14
07/01/2010,1.58
14/01/2010,1.76
21/01/2010,1.15
28/01/2010,0.95
04/02/2010,0.68
11/02/2010,0.88
18/02/2010,1.02
25/02/2010,1.18
04/03/2010,1.37
11/03/2010,1.79
18/03/2010,1.18
25/03/2010,0.93
01/04/2010,1.33
08/04/2010,1.41
15/04/2010,1.63
22/04/2010,1.11
29/04/2010,1.44
06/05/2010,1.37
13/05/2010,1
20/05/2010,1.23
27/05/2010,0.59
03/06/2010,0.91
10/06/2010,0.8
17/06/2010,1.38
24/06/2010,1.06
01/07/2010,0.59
08/07/2010,0.37
15/07/2010,1.04
22/07/2010,0.71
29/07/2010,1.2
05/08/2010,0.79
12/08/2010,1.32
19/08/2010,0.71
26/08/2010,0.42
02/09/2010,0.73
09/09/2010,1.39
16/09/2010,2.1
23/09/2010,1.77
30/09/2010,1.35
07/10/2010,1.77
14/10/2010,1.76
21/10/2010,1.97
28/10/2010,2.37
04/11/2010,1.62
11/11/2010,2.02
18/11/2010,1.23
25/11/2010,1.92
02/12/2010,1.89
09/12/2010,2.35
16/12/2010,1.85
23/12/2010,3.86
30/12/2010,2.57
06/01/2011,3.06
13/01/2011,2.23
20/01/2011,1.74
27/01/2011,1.23
03/02/2011,1.92
10/02/2011,1.84
17/02/2011,1.82
24/02/2011,1.01
03/03/2011,1.11
10/03/2011,1.11
17/03/2011,0.71
24/03/2011,1.08
31/03/2011,1.35
07/04/2011,1.51
14/04/2011,1.36
21/04/2011,1.04
28/04/2011,1.24
05/05/2011,1.11
12/05/2011,0.87
19/05/2011,0.65
26/05/2011,0.62
02/06/2011,0.9
09/06/2011,0.51
16/06/2011,0.68
23/06/2011,1.05
30/06/2011,1.27
07/07/2011,1.69
14/07/2011,1.34
21/07/2011,1.3
28/07/2011,1.2
04/08/2011,0.54
11/08/2011,0.75
18/08/2011,0.89
25/08/2011,0.89
01/09/2011,1.19
08/09/2011,0.75
15/09/2011,0.74
22/09/2011,0.53
29/09/2011,0.69
06/10/2011,0.77
13/10/2011,1.09
20/10/2011,1.04
27/10/2011,1.72
03/11/2011,1.36
10/11/2011,1.82
17/11/2011,1.35
24/11/2011,0.85
01/12/2011,0.84
08/12/2011,1.11
15/12/2011,1.19
22/12/2011,1.19
29/12/2011,1.32
05/01/2012,2.85
12/01/2012,2.86
19/01/2012,2
26/01/2012,2.56
02/02/2012,1.75
09/02/2012,2.56
16/02/2012,1.6
23/02/2012,1.59
01/03/2012,1.66
08/03/2012,1.46
15/03/2012,1.68
22/03/2012,1.52
29/03/2012,1.67
05/04/2012,1.37
12/04/2012,0.68
19/04/2012,0.92
26/04/2012,0.74
03/05/2012,1.24
10/05/2012,0.6
17/05/2012,0.51
24/05/2012,0.79
31/05/2012,0.67
07/06/2012,0.6
14/06/2012,0.95
21/06/2012,0.92
28/06/2012,0.65
05/07/2012,0.98
12/07/2012,0.87
19/07/2012,0.53
26/07/2012,0.65
02/08/2012,0.87
09/08/2012,1.33
16/08/2012,1.31
23/08/2012,1.62
30/08/2012,1.06
06/09/2012,1
13/09/2012,1.11
20/09/2012,1.11
27/09/2012,0.99
04/10/2012,1.02
11/10/2012,0.79
18/10/2012,0.64
25/10/2012,0.68
01/11/2012,0.87
08/11/2012,0.96
15/11/2012,0.59
22/11/2012,0.88
28/11/2012,1.19
06/12/2012,1.22
13/12/2012,1.44
20/12/2012,1.87
27/12/2012,1.47
03/01/2013,1.07
10/01/2013,1.73
17/01/2013,1.61
24/01/2013,2.16
31/01/2013,1.98
07/02/2013,1.45
14/02/2013,1.47
21/02/2013,1.29
28/02/2013,0.78
07/03/2013,0.81
14/03/2013,1.42
21/03/2013,1.17
28/03/2013,1.34
04/04/2013,1.26
11/04/2013,0.35
18/04/2013,0.56
25/04/2013,0.73
02/05/2013,0.86
09/05/2013,1.49
16/05/2013,1.31
23/05/2013,2.27
30/05/2013,1.21
06/06/2013,0.76
13/06/2013,0.95
20/06/2013,1.25
27/06/2013,0.86
04/07/2013,1.76
11/07/2013,2.67
18/07/2013,2.25
25/07/2013,2
01/08/2013,1.42
08/08/2013,1.48
15/08/2013,1.22
22/08/2013,0.68
29/08/2013,1.09
05/09/2013,1.14
12/09/2013,1.85
19/09/2013,1.52
26/09/2013,1.18
03/10/2013,1.26
10/10/2013,1.23
17/10/2013,1.86
24/10/2013,2.8
31/10/2013,2.09
07/11/2013,2.09
14/11/2013,1.43
21/11/2013,1.17
28/11/2013,1.67
05/12/2013,1.55
12/12/2013,1.65
19/12/2013,1.89
26/12/2013,2.97
02/01/2014,1.47
09/01/2014,1.74
16/01/2014,1.81
23/01/2014,1.6
30/01/2014,0.98
06/02/2014,0.77
13/02/2014,1.47
20/02/2014,1.85
27/02/2014,1.88
06/03/2014,1.52
13/03/2014,1.54
20/03/2014,1.41
27/03/2014,1.09
03/04/2014,1.32
10/04/2014,0.83
17/04/2014,0.79
24/04/2014,1.33
01/05/2014,1.01
08/05/2014,0.99
15/05/2014,1.46
22/05/2014,1.15
29/05/2014,1.57
05/06/2014,1.78
12/06/2014,2.1
19/06/2014,1.46
26/06/2014,1.76
03/07/2014,1.72
10/07/2014,1.31
17/07/2014,1.14
24/07/2014,0.99
31/07/2014,1
07/08/2014,0.81
14/08/2014,1.48
21/08/2014,1.95
28/08/2014,2.7
04/09/2014,1.86
11/09/2014,1.52
18/09/2014,1.84
25/09/2014,1.48
02/10/2014,1.15
09/10/2014,1.29
16/10/2014,1.27
23/10/2014,2.21
30/10/2014,2.34
06/11/2014,3.5
13/11/2014,3
20/11/2014,2.06
27/11/2014,2.51
04/12/2014,1.65
11/12/2014,2.02
18/12/2014,1.44
25/12/2014,2.7
01/01/2015,2.68
08/01/2015,1.48
15/01/2015,2.14
22/01/2015,1.21
29/01/2015,1.97
05/02/2015,1.09
12/02/2015,1.97
19/02/2015,2.63
26/02/2015,2.24
05/03/2015,1.7
12/03/2015,1.24
19/03/2015,0.86
26/03/2015,1.58
02/04/2015,1.11
09/04/2015,1.19
16/04/2015,1.41
23/04/2015,1.36
30/04/2015,1.4
07/05/2015,1.01
14/05/2015,1.01
21/05/2015,1.01
28/05/2015,1.07
04/06/2015,1.11
11/06/2015,0.61
18/06/2015,0.74
25/06/2015,1.64
02/07/2015,0.64
09/07/2015,0.96
16/07/2015,1.33
23/07/2015,1.27
30/07/2015,0.52
06/08/2015,0.77
13/08/2015,0.84
20/08/2015,0.8
27/08/2015,0.85
03/09/2015,1.02
10/09/2015,0.99
17/09/2015,1.14
24/09/2015,1.12
01/10/2015,0.7
08/10/2015,1.33
15/10/2015,1.26
22/10/2015,1.45
29/10/2015,1.96
05/11/2015,2.1
12/11/2015,1.49
19/11/2015,1.01
26/11/2015,1.24
03/12/2015,1.39
10/12/2015,0.95
17/12/2015,0.61
24/12/2015,0.84
31/12/2015,1.06
07/01/2016,0.58
14/01/2016,0.39
21/01/2016,0.44
28/01/2016,0.74
04/02/2016,0.79
11/02/2016,0.4
18/02/2016,0.73
25/02/2016,0.99
03/03/2016,1.09
10/03/2016,1.53
17/03/2016,1.12
24/03/2016,1.42
31/03/2016,1.06
07/04/2016,1.5
14/04/2016,1.12
21/04/2016,1.4
28/04/2016,0.96
05/05/2016,0.74
12/05/2016,0.65
19/05/2016,0.57
26/05/2016,0.6
02/06/2016,1.04
09/06/2016,1
16/06/2016,0.68
23/06/2016,0.62
30/06/2016,0.87
07/07/2016,1.17
14/07/2016,1.51
21/07/2016,1.33
28/07/2016,1.1
04/08/2016,1.11
11/08/2016,1.17
18/08/2016,1.35
25/08/2016,0.99
01/09/2016,0.91
08/09/2016,1.04
15/09/2016,0.78
22/09/2016,0.65
29/09/2016,0.65
06/10/2016,1.03
13/10/2016,0.76
20/10/2016,0.63
27/10/2016,0.73
03/11/2016,0.69
10/11/2016,1.33
17/11/2016,1.76
24/11/2016,2.26
01/12/2016,1.74
08/12/2016,1.63
15/12/2016,1.38
22/12/2016,1.53
29/12/2016,1.77
05/01/2017,1.83
12/01/2017,1.62
19/01/2017,1.13
26/01/2017,0.94
02/02/2017,0.96
09/02/2017,1.29
16/02/2017,1.02
23/02/2017,1.19
02/03/2017,1.06
09/03/2017,0.65
16/03/2017,0.81
23/03/2017,1.16
30/03/2017,0.81
06/04/2017,0.71
13/04/2017,0.78
20/04/2017,0.66
27/04/2017,1.2
04/05/2017,1.27
11/05/2017,1.08
18/05/2017,0.7
25/05/2017,1.1
01/06/2017,0.85
08/06/2017,1.2
15/06/2017,1.09
22/06/2017,1.13
29/06/2017,1.11
06/07/2017,0.99
13/07/2017,0.95
20/07/2017,1.37
27/07/2017,1.42
03/08/2017,1.12
10/08/2017,1.04
17/08/2017,1.04
24/08/2017,0.73
31/08/2017,0.63
07/09/2017,0.82
14/09/2017,1.88
21/09/2017,1.48
28/09/2017,1.16
05/10/2017,1.09
12/10/2017,1.48
19/10/2017,1.36
26/10/2017,1.2
02/11/2017,1.58
09/11/2017,1.95
16/11/2017,0.83
23/11/2017,1.22
30/11/2017,1.14
07/12/2017,1.08
14/12/2017,1.6
21/12/2017,1.97
28/12/2017,2.55
04/01/2018,3.84
11/01/2018,1.94
18/01/2018,2.53
25/01/2018,1.89
01/02/2018,1.56
08/02/2018,1.06
15/02/2018,2.27
22/02/2018,1.96
01/03/2018,1.59
08/03/2018,0.93
15/03/2018,1.73
22/03/2018,1.17
29/03/2018,0.9
05/04/2018,0.87
12/04/2018,0.61
19/04/2018,1.29
26/04/2018,1.44
03/05/2018,0.94
10/05/2018,1.31
17/05/2018,1.78
24/05/2018,1.53
31/05/2018,1.33
07/06/2018,1.46
14/06/2018,2.06
21/06/2018,1.48
28/06/2018,0.7
05/07/2018,0.71
12/07/2018,1.48
19/07/2018,1.39
26/07/2018,1.17
02/08/2018,0.91
09/08/2018,1.17
16/08/2018,1.24
23/08/2018,1.42
30/08/2018,1.78
06/09/2018,1.61
13/09/2018,0.98
20/09/2018,1
27/09/2018,1.16
04/10/2018,1.82
11/10/2018,0.86
18/10/2018,0.97
25/10/2018,0.68
01/11/2018,1.1
08/11/2018,1.32
15/11/2018,0.98
22/11/2018,0.54
29/11/2018,0.86
06/12/2018,1.24
13/12/2018,0.43
20/12/2018,0.53
27/12/2018,0.63
03/01/2019,0.77
10/01/2019,1.31
17/01/2019,0.92
24/01/2019,1.17
31/01/2019,1
07/02/2019,1.75
14/02/2019,1.4
21/02/2019,1.55
28/02/2019,2.08
07/03/2019,1.4
14/03/2019,1.04
21/03/2019,1.59
28/03/2019,1.22
04/04/2019,1.24
11/04/2019,1.98
18/04/2019,1.72
25/04/2019,1.66
02/05/2019,1.83
09/05/2019,1.86
16/05/2019,0.76
23/05/2019,0.68
30/05/2019,0.62
06/06/2019,0.53
13/06/2019,0.78
20/06/2019,0.92
27/06/2019,0.92
03/07/2019,1.02
11/07/2019,1.22
18/07/2019,1.25
25/07/2019,0.99
01/08/2019,1.6
08/08/2019,0.45
15/08/2019,0.52
22/08/2019,0.67
29/08/2019,0.62
05/09/2019,0.73
12/09/2019,1.06
19/09/2019,1.27
26/09/2019,0.88
03/10/2019,0.54
10/10/2019,0.46
17/10/2019,1.08
24/10/2019,1.26
31/10/2019,1.19
07/11/2019,1.68
14/11/2019,1.64
21/11/2019,1.18
29/11/2019,1.11
05/12/2019,1.09
12/12/2019,1.44
19/12/2019,2.15
26/12/2019,1.95
02/01/2020,1.7
09/01/2020,1.11
16/01/2020,1.52
23/01/2020,1.84
30/01/2020,0.87
06/02/2020,0.96
13/02/2020,1.57
20/02/2020,1.41
27/02/2020,0.78
05/03/2020,0.98
12/03/2020,0.58
19/03/2020,0.67
26/03/2020,0.63
02/04/2020,0.69
09/04/2020,0.82
16/04/2020,0.82
23/04/2020,0.5
30/04/2020,0.69
07/05/2020,0.45
14/05/2020,0.46
21/05/2020,0.64
28/05/2020,0.79
04/06/2020,0.89
11/06/2020,0.9
18/06/2020,0.51
25/06/2020,0.49
02/07/2020,0.48
09/07/2020,0.64
16/07/2020,0.68
23/07/2020,0.56
30/07/2020,0.42
06/08/2020,0.49
13/08/2020,0.71
20/08/2020,0.72
27/08/2020,0.81
03/09/2020,0.74
10/09/2020,0.49
17/09/2020,0.79
24/09/2020,0.54
01/10/2020,0.61
08/10/2020,0.89
15/10/2020,0.97
22/10/2020,1.08
29/10/2020,1
05/11/2020,1.21
12/11/2020,2.24
19/11/2020,1.68
27/11/2020,1.72
03/12/2020,2.16
10/12/2020,1.79
17/12/2020,1.65
24/12/2020,1.98
31/12/2020,1.72
07/01/2021,1.42
21/01/2021,1.23
28/01/2021,0.98
04/02/2021,1.05
11/02/2021,1.73
18/02/2021,1.85
25/02/2021,1.93
04/03/2021,1.59
11/03/2021,2.1
18/03/2021,2.07
25/03/2021,2.48
01/04/2021,1.97
08/04/2021,2.79
15/04/2021,2.19
22/04/2021,2.57
29/04/2021,1.66
06/05/2021,1.92
13/05/2021,1.35
20/05/2021,1.41
27/05/2021,1.38
03/06/2021,2.23
10/06/2021,1.95
17/06/2021,1.57
24/06/2021,1.73
01/07/2021,2.2
08/07/2021,1.64
15/07/2021,1.35
22/07/2021,1
29/07/2021,1.5
05/08/2021,1.14
12/08/2021,1.17
19/08/2021,0.95
26/08/2021,1.2
02/09/2021,1.3
09/09/2021,1.43
16/09/2021,0.57
23/09/2021,0.76
30/09/2021,0.69
07/10/2021,0.69
14/10/2021,1.19
21/10/2021,1.69
27/10/2021,1.35
04/11/2021,1.6
11/11/2021,2
18/11/2021,1.43
24/11/2021,0.95
02/12/2021,0.63
09/12/2021,0.97
16/12/2021,0.64
23/12/2021,0.87
30/12/2021,1.23
06/01/2022,0.98
13/01/2022,0.65
20/01/2022,0.45
27/01/2022,0.44
03/02/2022,0.61
10/02/2022,0.69
17/02/2022,0.45
24/02/2022,0.44
03/03/2022,0.73
10/03/2022,0.52
17/03/2022,0.45
24/03/2022,0.93
31/03/2022,1.16
07/04/2022,0.6
14/04/2022,0.33
21/04/2022,0.43
28/04/2022,0.28
05/05/2022,0.51
12/05/2022,0.5
19/05/2022,0.52
26/05/2022,0.37
02/06/2022,0.86
09/06/2022,0.45
16/06/2022,0.33
23/06/2022,0.31
30/06/2022,0.49
07/07/2022,0.37
14/07/2022,0.58
21/07/2022,0.7
28/07/2022,0.69
04/08/2022,0.79
11/08/2022,0.88
18/08/2022,0.9
25/08/2022,0.65
01/09/2022,0.43
08/09/2022,0.34
15/09/2022,0.57
22/09/2022,0.29
29/09/2022,0.33
06/10/2022,0.44
13/10/2022,0.36
20/10/2022,0.4
27/10/2022,0.58
03/11/2022,0.93
10/11/2022,0.53
17/11/2022,0.83
24/11/2022,0.72
01/12/2022,0.61
08/12/2022,0.59
15/12/2022,0.54
22/12/2022,0.39
29/12/2022,0.56
05/01/2023,0.49
12/01/2023,0.6
19/01/2023,0.94
26/01/2023,0.77
02/02/2023,0.87
09/02/2023,1.5
16/02/2023,1.18
23/02/2023,0.56
02/03/2023,0.52
09/03/2023,0.6
16/03/2023,0.4
23/03/2023,0.43
30/03/2023,0.49
06/04/2023,0.95
13/04/2023,0.76
20/04/2023,0.77
27/04/2023,0.63
04/05/2023,0.54
11/05/2023,0.71
18/05/2023,0.58
25/05/2023,0.69
01/06/2023,0.79
08/06/2023,1.83
15/06/2023,1.99
22/06/2023,1.54
29/06/2023,1.53
06/07/2023,1.89
13/07/2023,1.58
20/07/2023,2.39
27/07/2023,1.86
03/08/2023,2.3
10/08/2023,1.75
17/08/2023,1.19
24/08/2023,0.9
31/08/2023,0.96
07/09/2023,1.43
14/09/2023,1.18
21/09/2023,0.9
28/09/2023,0.68
05/10/2023,0.72
12/10/2023,1.1
19/10/2023,0.98
26/10/2023,0.68
02/11/2023,0.48
09/11/2023,1.57
16/11/2023,1.56
